date,fundingRate
2016-05-14,0.0006900000000000001
2016-05-15,0.000516
2016-05-16,0.00045099999999999996
2016-05-17,0.000454
2016-05-18,0.000443
2016-05-19,0.00042699999999999997
2016-05-20,0.000424
2016-05-21,0.00042
2016-05-22,0.0004
2016-05-23,0.000354
2016-05-24,0.000373
2016-05-25,0.00031800000000000003
2016-05-26,0.00032500000000000004
2016-05-27,0.000342
2016-05-28,0.00035
2016-05-29,0.002588
2016-05-30,0.0070459999999999984
2016-05-31,0.0029600000000000004
2016-06-01,0.001285
2016-06-02,0.000974
2016-06-03,0.000934
2016-06-04,0.0010376666666666668
2016-06-05,0.000714
2016-06-06,0.000716
2016-06-07,0.0006186666666666667
2016-06-08,0.00053
2016-06-09,0.0005153333333333332
2016-06-10,0.000456
2016-06-11,0.0007843333333333333
2016-06-12,0.005011999999999999
2016-06-13,0.027083999999999997
2016-06-14,0.023597999999999997
2016-06-15,0.002964
2016-06-16,0.013362
2016-06-17,0.028284
2016-06-18,0.01603
2016-06-19,0.004536999999999999
2016-06-20,0.005673999999999999
2016-06-21,-0.0018230000000000002
2016-06-22,0.004901000000000001
2016-06-23,0.005901000000000001
2016-06-24,-0.0016289999999999998
2016-06-25,0.003953
2016-06-26,0.001251
2016-06-27,0.00141
2016-06-28,0.000879
2016-06-29,0.000288
2016-06-30,0.0060079999999999995
2016-07-01,0.006418
2016-07-02,0.0026750000000000003
2016-07-03,0.0022240000000000003
2016-07-04,-2.699999999999998e-05
2016-07-05,-0.001834
2016-07-06,-0.001668
2016-07-07,0.00276
2016-07-08,-0.005348
2016-07-09,-0.003532
2016-07-10,-0.0016289999999999998
2016-07-11,-0.00034499999999999993
2016-07-12,-0.000907
2016-07-13,0.001047
2016-07-14,-0.001124
2016-07-15,0.000261
2016-07-16,-0.001254
2016-07-17,-0.0028209999999999997
2016-07-18,0.0032840000000000005
2016-07-19,0.0019619999999999998
2016-07-20,0.001156
2016-07-21,-0.000291
2016-07-22,0.000523
2016-07-23,1.2000000000000075e-05
2016-07-24,0.000775
2016-07-25,-0.0002490000000000001
2016-07-26,-0.000316
2016-07-27,-0.0004540000000000001
2016-07-28,0.002138
2016-07-29,-0.00046400000000000006
2016-07-30,0.000216
2016-07-31,-0.001774
2016-08-01,-0.002402
2016-08-02,-0.0029250000000000005
2016-08-03,-0.016365
2016-08-04,-0.010325
2016-08-05,-0.007413
2016-08-06,-0.008345
2016-08-07,-0.0008179999999999999
2016-08-08,-0.001454
2016-08-09,-0.000271
2016-08-10,0.001847
2016-08-11,-0.000234
2016-08-12,-0.000234
2016-08-13,-0.00018000000000000004
2016-08-14,-0.000615
2016-08-15,-0.005287
2016-08-16,-0.001116
2016-08-17,-0.001503
2016-08-18,0.0021680000000000002
2016-08-19,0.002178
2016-08-20,0.000361
2016-08-21,0.001523
2016-08-22,-0.000312
2016-08-23,0.001699
2016-08-24,0.002454
2016-08-25,-0.0014399999999999999
2016-08-26,0.003131
2016-08-27,-4.800000000000003e-05
2016-08-28,-0.00032399999999999996
2016-08-29,0.0004239999999999999
2016-08-30,-0.000708
2016-08-31,0.0019619999999999998
2016-09-01,0.007277
2016-09-02,-0.001558
2016-09-03,0.000814
2016-09-04,0.0010869999999999999
2016-09-05,0.007032999999999999
2016-09-06,0.0024739999999999996
2016-09-07,0.004408
2016-09-08,-0.001504
2016-09-09,0.007824999999999999
2016-09-10,0.002086
2016-09-11,0.004486
2016-09-12,0.0005549999999999999
2016-09-13,-8.299999999999998e-05
2016-09-14,-0.001134
2016-09-15,-0.0011229999999999999
2016-09-16,-0.00015499999999999995
2016-09-17,-2.4e-05
2016-09-18,-0.00014599999999999994
2016-09-19,0.000852
2016-09-20,-0.000141
2016-09-21,-0.0013219999999999998
2016-09-22,-0.002771
2016-09-23,-0.0006500000000000001
2016-09-24,0.0016979999999999999
2016-09-25,0.000276
2016-09-26,0.0009420000000000001
2016-09-27,0.003469
2016-09-28,0.001648
2016-09-29,0.000602
2016-09-30,0.0013800000000000002
2016-10-01,0.0041530000000000004
2016-10-02,0.0032
2016-10-03,-0.0003280000000000001
2016-10-04,0.00039
2016-10-05,0.000693
2016-10-06,0.000509
2016-10-07,0.0009190000000000001
2016-10-08,0.000793
2016-10-09,0.000931
2016-10-10,0.003189
2016-10-11,0.0022159999999999997
2016-10-12,0.003851
2016-10-13,-0.0013800000000000002
2016-10-14,0.0006609999999999999
2016-10-15,0.0031850000000000003
2016-10-16,1.8000000000000112e-05
2016-10-17,0.000647
2016-10-18,-0.0008669999999999999
2016-10-19,0.000216
2016-10-20,-0.0028079999999999997
2016-10-21,0.00013099999999999999
2016-10-22,0.00018100000000000004
2016-10-23,0.009459
2016-10-24,0.01125
2016-10-25,0.0045119999999999995
2016-10-26,0.004043
2016-10-27,0.002152
2016-10-28,0.0018300000000000002
2016-10-29,0.005488
2016-10-30,0.0021899999999999997
2016-10-31,0.0005740000000000001
2016-11-01,0.004338
2016-11-02,0.01125
2016-11-03,0.007389
2016-11-04,0.0009660000000000002
2016-11-05,0.00012700000000000005
2016-11-06,0.003164
2016-11-07,-0.00043499999999999995
2016-11-08,-0.00119
2016-11-09,0.00236
2016-11-10,0.003981999999999999
2016-11-11,0.0040809999999999996
2016-11-12,0.00047599999999999997
2016-11-13,0.000333
2016-11-14,0.00033200000000000005
2016-11-15,0.000817
2016-11-16,0.000664
2016-11-17,0.01064
2016-11-18,0.004155
2016-11-19,0.003417
2016-11-20,0.0004700000000000001
2016-11-21,1.100000000000005e-05
2016-11-22,-5.799999999999989e-05
2016-11-23,0.002676
2016-11-24,0.000918
2016-11-25,-0.000501
2016-11-26,-0.001315
2016-11-27,0.000766
2016-11-28,0.0008290000000000001
2016-11-29,-0.0004179999999999999
2016-11-30,-0.0004559999999999999
2016-12-01,0.000996
2016-12-02,0.003548
2016-12-03,0.0018020000000000002
2016-12-04,0.0014689999999999998
2016-12-05,0.004524
2016-12-06,0.0012000000000000001
2016-12-07,-0.0008649999999999999
2016-12-08,-0.0012029999999999999
2016-12-09,0.000285
2016-12-10,0.000465
2016-12-11,0.001477
2016-12-12,5.4999999999999995e-05
2016-12-13,0.001945
2016-12-14,-0.00039799999999999997
2016-12-15,-0.000379
2016-12-16,0.002423
2016-12-17,0.000396
2016-12-18,0.00045500000000000006
2016-12-19,-0.0005059999999999999
2016-12-20,-0.000145
2016-12-21,0.000827
2016-12-22,0.003924
2016-12-23,0.003913
2016-12-24,0.007162
2016-12-25,-0.000852
2016-12-26,0.004613000000000001
2016-12-27,0.005294999999999999
2016-12-28,0.007292
2016-12-29,-0.00012099999999999989
2016-12-30,-0.0002900000000000001
2016-12-31,-0.001263
2017-01-01,0.003347
2017-01-02,0.005675
2017-01-03,0.004056000000000001
2017-01-04,0.004241
2017-01-05,0.01125
2017-01-06,-0.001056
2017-01-07,-0.001241
2017-01-08,-0.000326
2017-01-09,-0.002044
2017-01-10,0.0006709999999999999
2017-01-11,-0.0027749999999999997
2017-01-12,-0.004814
2017-01-13,-0.004599
2017-01-14,0.001233
2017-01-15,-0.0040880000000000005
2017-01-16,0.000735
2017-01-17,0.0006940000000000001
2017-01-18,-0.0005540000000000001
2017-01-19,-0.0038970000000000003
2017-01-20,-0.00010499999999999996
2017-01-21,0.002739
2017-01-22,0.002661
2017-01-23,-0.0035670000000000003
2017-01-24,-0.005854
2017-01-25,-0.006876
2017-01-26,-0.001888
2017-01-27,-0.0006270000000000001
2017-01-28,-0.001299
2017-01-29,0.00023700000000000001
2017-01-30,-0.00030900000000000003
2017-01-31,-0.0018349999999999998
2017-02-01,0.0024439999999999996
2017-02-02,-0.0003879999999999999
2017-02-03,-0.0004799999999999999
2017-02-04,-0.00257
2017-02-05,0.00503
2017-02-06,0.002604
2017-02-07,0.000198
2017-02-08,-3.000000000000008e-05
2017-02-09,-0.00023900000000000006
2017-02-10,-0.007602
2017-02-11,0.0005329999999999999
2017-02-12,-0.000832
2017-02-13,0.002249
2017-02-14,-0.001348
2017-02-15,0.0036060000000000003
2017-02-16,0.003204
2017-02-17,0.0026100000000000003
2017-02-18,0.002522
2017-02-19,0.000266
2017-02-20,0.00116
2017-02-21,0.004385
2017-02-22,0.008628
2017-02-23,0.0021260000000000003
2017-02-24,0.010617999999999999
2017-02-25,0.0020219999999999995
2017-02-26,0.0016350000000000002
2017-02-27,0.0016879999999999998
2017-02-28,0.0023150000000000002
2017-03-01,0.00039900000000000005
2017-03-02,0.001854
2017-03-03,0.00033700000000000006
2017-03-04,0.001083
2017-03-05,0.005212
2017-03-06,0.006781000000000001
2017-03-07,0.0014320000000000001
2017-03-08,0.0008950000000000001
2017-03-09,0.000274
2017-03-10,0.000292
2017-03-11,-0.0038829999999999997
2017-03-12,-0.003966
2017-03-13,-0.0006510000000000001
2017-03-14,2.1000000000000002e-05
2017-03-15,0.00015700000000000002
2017-03-16,-0.001203
2017-03-17,-0.00025799999999999993
2017-03-18,-0.0034519999999999998
2017-03-19,-0.011241
2017-03-20,-0.0024860000000000004
2017-03-21,-0.0005799999999999999
2017-03-22,-0.003288
2017-03-23,-0.001539
2017-03-24,-0.00238
2017-03-25,-0.003477
2017-03-26,0.00012700000000000002
2017-03-27,-0.001397
2017-03-28,-0.000562
2017-03-29,-0.001202
2017-03-30,-0.00027499999999999996
2017-03-31,3.799999999999996e-05
2017-04-01,0.000337
2017-04-02,-0.0001
2017-04-03,-0.000156
2017-04-04,-0.004755
2017-04-05,-0.004494
2017-04-06,-0.002117
2017-04-07,-0.0014199999999999998
2017-04-08,-0.0029499999999999995
2017-04-09,-0.003498
2017-04-10,0.003397
2017-04-11,0.000581
2017-04-12,-0.00024999999999999995
2017-04-13,-0.0011070000000000001
2017-04-14,-0.003807
2017-04-15,0.0012209999999999999
2017-04-16,-4.8000000000000055e-05
2017-04-17,0.0007000000000000001
2017-04-18,0.0012890000000000002
2017-04-19,-9.499999999999998e-05
2017-04-20,-0.0013109999999999999
2017-04-21,0.005595
2017-04-22,0.002905
2017-04-23,0.0011229999999999999
2017-04-24,0.00026000000000000003
2017-04-25,-0.00025
2017-04-26,0.0035789999999999997
2017-04-27,0.002796
2017-04-28,0.003626
2017-04-29,-0.0007409999999999999
2017-04-30,0.000842
2017-05-01,0.002589
2017-05-02,0.01082
2017-05-03,0.0021609999999999997
2017-05-04,-0.0031940000000000002
2017-05-05,-0.000163
2017-05-06,-0.00434
2017-05-07,-0.0002890000000000001
2017-05-08,0.007599999999999999
2017-05-09,0.009588
2017-05-10,0.003529
2017-05-11,-0.001429
2017-05-12,0.007924
2017-05-13,0.0074199999999999995
2017-05-14,0.005097
2017-05-15,0.0031739999999999997
2017-05-16,0.005044999999999999
2017-05-17,0.009145
2017-05-18,0.01125
2017-05-19,0.01104
2017-05-20,2.0000000000000215e-06
2017-05-21,0.011044
2017-05-22,0.005618
2017-05-23,0.005436
2017-05-24,0.002583
2017-05-25,0.007756
2017-05-26,0.003708
2017-05-27,-0.0062309999999999996
2017-05-28,0.005379
2017-05-29,-0.0018350000000000003
2017-05-30,0.007587
2017-05-31,0.0011349999999999997
2017-06-01,0.0007880000000000001
2017-06-02,0.001271
2017-06-03,0.006793
2017-06-04,0.00072
2017-06-05,0.0038460000000000005
2017-06-06,0.01125
2017-06-07,0.01125
2017-06-08,0.0028889999999999996
2017-06-09,0.006253999999999999
2017-06-10,0.000853
2017-06-11,0.009407
2017-06-12,0.009212
2017-06-13,-0.003339
2017-06-14,-0.0021910000000000002
2017-06-15,-0.009292
2017-06-16,-0.005919
2017-06-17,-0.009925
2017-06-18,-0.00049
2017-06-19,-0.00018099999999999993
2017-06-20,0.0008679999999999998
2017-06-21,0.0039180000000000005
2017-06-22,0.00174
2017-06-23,0.000115
2017-06-24,0.00042500000000000003
2017-06-25,-0.0037479999999999996
2017-06-26,-0.001755
2017-06-27,-0.0023109999999999997
2017-06-28,-0.010927
2017-06-29,-0.009502
2017-06-30,-0.004756
2017-07-01,-0.005644
2017-07-02,-0.005748
2017-07-03,-0.0031560000000000004
2017-07-04,0.002711
2017-07-05,-0.00101
2017-07-06,-3.9e-05
2017-07-07,-0.0026420000000000003
2017-07-08,-0.001851
2017-07-09,-0.0023439999999999997
2017-07-10,-0.002727
2017-07-11,-0.001219
2017-07-12,-0.002145
2017-07-13,-0.003078
2017-07-14,-0.004942
2017-07-15,-0.00399
2017-07-16,0.003506
2017-07-17,0.004674
2017-07-18,0.000694
2017-07-19,-0.0032329999999999998
2017-07-20,-0.002487
2017-07-21,0.001685
2017-07-22,0.005537
2017-07-23,0.003589000000000001
2017-07-24,-0.00012800000000000002
2017-07-25,0.0028840000000000003
2017-07-26,-0.003476
2017-07-27,-0.002523
2017-07-28,-0.0061779999999999995
2017-07-29,-0.0021939999999999998
2017-07-30,-0.007623
2017-07-31,-0.009767
2017-08-01,-0.00918
2017-08-02,-0.00556
2017-08-03,-0.0012009999999999998
2017-08-04,0.000223
2017-08-05,0.004787
2017-08-06,0.009347999999999999
2017-08-07,0.0040160000000000005
2017-08-08,0.0012150000000000002
2017-08-09,9.2e-05
2017-08-10,1.0000000000000026e-05
2017-08-11,-0.0020180000000000003
2017-08-12,-0.0006580000000000001
2017-08-13,0.002717
2017-08-14,0.005697
2017-08-15,0.004843
2017-08-16,0.0007639999999999998
2017-08-17,0.006314
2017-08-18,0.00118
2017-08-19,-0.002503
2017-08-20,0.008426
2017-08-21,0.0026620000000000003
2017-08-22,-0.003453
2017-08-23,0.00204
2017-08-24,0.004513
2017-08-25,0.002548
2017-08-26,0.0010270000000000001
2017-08-27,-0.00017199999999999995
2017-08-28,-0.00035899999999999994
2017-08-29,-0.000383
2017-08-30,0.008518999999999999
2017-08-31,0.0028250000000000003
2017-09-01,0.00038
2017-09-02,0.000816
2017-09-03,-0.004271
2017-09-04,-0.005164
2017-09-05,-0.008251
2017-09-06,-0.00014999999999999996
2017-09-07,-9.7e-05
2017-09-08,0.00030000000000000003
2017-09-09,-0.009301
2017-09-10,-0.00345
2017-09-11,-0.000797
2017-09-12,-0.00025199999999999995
2017-09-13,-0.006137999999999999
2017-09-14,-0.001667
2017-09-15,-0.0017759999999999998
2017-09-16,-0.007562999999999999
2017-09-17,-0.0025300000000000006
2017-09-18,0.001897
2017-09-19,0.000273
2017-09-20,-0.001303
2017-09-21,-0.000596
2017-09-22,-0.0043230000000000005
2017-09-23,-0.002095
2017-09-24,-0.002202
2017-09-25,-0.002886
2017-09-26,0.0040550000000000004
2017-09-27,0.002004
2017-09-28,0.0009180000000000001
2017-09-29,0.0033150000000000002
2017-09-30,0.0063
2017-10-01,-0.00044600000000000005
2017-10-02,0.001206
2017-10-03,-0.001101
2017-10-04,-0.002351
2017-10-05,-0.0029400000000000003
2017-10-06,0.000657
2017-10-07,0.0009320000000000001
2017-10-08,0.0038989999999999997
2017-10-09,0.0009839999999999998
2017-10-10,0.008457
2017-10-11,0.00852
2017-10-12,0.005313
2017-10-13,0.011113999999999999
2017-10-14,0.01125
2017-10-15,0.01125
2017-10-16,0.002361
2017-10-17,0.0042380000000000004
2017-10-18,0.000601
2017-10-19,0.002432
2017-10-20,0.0006580000000000001
2017-10-21,0.009452
2017-10-22,-0.001073
2017-10-23,-0.000609
2017-10-24,-0.0035330000000000005
2017-10-25,-0.0014609999999999998
2017-10-26,-0.002213
2017-10-27,1.600000000000001e-05
2017-10-28,-0.005091
2017-10-29,-0.001996
2017-10-30,0.006635
2017-10-31,0.001224
2017-11-01,0.000475
2017-11-02,-0.006104999999999999
2017-11-03,0.001133
2017-11-04,-0.003682
2017-11-05,0.001498
2017-11-06,-0.000552
2017-11-07,-0.005307
2017-11-08,-0.0016350000000000002
2017-11-09,0.000834
2017-11-10,-0.000779
2017-11-11,-0.00532
2017-11-12,-0.001914
2017-11-13,-0.002475
2017-11-14,-0.005654
2017-11-15,-0.00523
2017-11-16,-0.001609
2017-11-17,0.005457
2017-11-18,0.0010129999999999998
2017-11-19,0.005150999999999999
2017-11-20,0.009047000000000001
2017-11-21,0.003217
2017-11-22,0.00041600000000000003
2017-11-23,-0.002147
2017-11-24,-0.006199999999999999
2017-11-25,0.002505
2017-11-26,-0.00019599999999999997
2017-11-27,0.008884999999999999
2017-11-28,0.0031780000000000003
2017-11-29,0.007715
2017-11-30,0.0039499999999999995
2017-12-01,-0.0034500000000000004
2017-12-02,0.006479
2017-12-03,0.002693
2017-12-04,0.004155
2017-12-05,0.0033229999999999996
2017-12-06,0.001752
2017-12-07,-0.004605
2017-12-08,0.0035259999999999996
2017-12-09,0.01125
2017-12-10,0.006614
2017-12-11,0.01125
2017-12-12,0.01125
2017-12-13,0.008577999999999999
2017-12-14,0.008319
2017-12-15,0.009275
2017-12-16,0.01125
2017-12-17,0.01125
2017-12-18,0.008697
2017-12-19,0.007879
2017-12-20,-0.0014010000000000001
2017-12-21,0.005235
2017-12-22,0.0032800000000000004
2017-12-23,-0.0073
2017-12-24,-0.01125
2017-12-25,-0.007719999999999999
2017-12-26,-0.0075
2017-12-27,0.01125
2017-12-28,0.002328
2017-12-29,0.0031979999999999995
2017-12-30,-0.004425999999999999
2017-12-31,-0.009054
2018-01-01,0.003277
2018-01-02,0.002113
2018-01-03,0.009798
2018-01-04,0.003889
2018-01-05,0.005274
2018-01-06,0.002284
2018-01-07,0.007993
2018-01-08,0.005544
2018-01-09,0.0010069999999999999
2018-01-10,0.000305
2018-01-11,0.0015260000000000002
2018-01-12,0.0005139999999999999
2018-01-13,0.004328
2018-01-14,0.0012120000000000002
2018-01-15,0.000628
2018-01-16,-0.002844
2018-01-17,-0.008660000000000001
2018-01-18,-0.0006119999999999998
2018-01-19,-0.002784
2018-01-20,0.00011300000000000004
2018-01-21,-0.001679
2018-01-22,-0.002699
2018-01-23,-0.006719
2018-01-24,0.000344
2018-01-25,0.00030000000000000003
2018-01-26,-0.00016
2018-01-27,0.002783
2018-01-28,0.00833
2018-01-29,0.009174
2018-01-30,0.0012640000000000001
2018-01-31,-0.005914999999999999
2018-02-01,-0.0038850000000000004
2018-02-02,0.0015530000000000001
2018-02-03,-0.003075
2018-02-04,-0.001315
2018-02-05,-0.006548999999999999
2018-02-06,-0.0034809999999999997
2018-02-07,-0.005889
2018-02-08,-0.003558
2018-02-09,-0.003925
2018-02-10,-0.0011229999999999999
2018-02-11,-0.00465
2018-02-12,0.001134
2018-02-13,-0.00038299999999999993
2018-02-14,-0.00013699999999999997
2018-02-15,-0.00012599999999999995
2018-02-16,-0.001631
2018-02-17,0.00011600000000000005
2018-02-18,2.500000000000001e-05
2018-02-19,5.400000000000001e-05
2018-02-20,0.001978
2018-02-21,-0.001176
2018-02-22,-2.9e-05
2018-02-23,0.000114
2018-02-24,-0.002843
2018-02-25,-0.003255
2018-02-26,-0.001997
2018-02-27,0.000597
2018-02-28,0.002231
2018-03-01,0.00030000000000000003
2018-03-02,0.003913
2018-03-03,0.002505
2018-03-04,0.001955
2018-03-05,0.003721
2018-03-06,0.001728
2018-03-07,0.001477
2018-03-08,-0.0036749999999999994
2018-03-09,-0.0027090000000000005
2018-03-10,-0.0051470000000000005
2018-03-11,-0.00752
2018-03-12,0.000315
2018-03-13,-0.002248
2018-03-14,-0.000984
2018-03-15,-0.00408
2018-03-16,-0.003994999999999999
2018-03-17,-0.0018780000000000001
2018-03-18,-0.001964
2018-03-19,-0.000308
2018-03-20,-8.3e-05
2018-03-21,-0.00015699999999999997
2018-03-22,0.00034
2018-03-23,0.000343
2018-03-24,0.00030000000000000003
2018-03-25,-0.00016799999999999996
2018-03-26,-0.000241
2018-03-27,-0.0017200000000000002
2018-03-28,-0.001327
2018-03-29,0.00030000000000000003
2018-03-30,-0.0073
2018-03-31,-0.004235
2018-04-01,-0.004816
2018-04-02,-0.00047300000000000006
2018-04-03,-0.0003690000000000001
2018-04-04,0.000463
2018-04-05,-0.0029050000000000005
2018-04-06,-0.002283
2018-04-07,-0.0019529999999999999
2018-04-08,0.000236
2018-04-09,-0.000128
2018-04-10,-0.0043549999999999995
2018-04-11,-0.003376
2018-04-12,-0.000588
2018-04-13,0.000595
2018-04-14,-0.00039
2018-04-15,-0.000291
2018-04-16,0.00030000000000000003
2018-04-17,0.000302
2018-04-18,0.00030000000000000003
2018-04-19,-5.799999999999997e-05
2018-04-20,-0.000841
2018-04-21,0.001023
2018-04-22,0.00030000000000000003
2018-04-23,0.00030000000000000003
2018-04-24,0.000272
2018-04-25,0.004961
2018-04-26,0.0030239999999999998
2018-04-27,0.001212
2018-04-28,0.00091
2018-04-29,0.003832
2018-04-30,0.001095
2018-05-01,0.001759
2018-05-02,0.00030000000000000003
2018-05-03,0.002493
2018-05-04,0.00828
2018-05-05,0.004553
2018-05-06,0.008523
2018-05-07,0.004529
2018-05-08,0.000633
2018-05-09,0.002433
2018-05-10,0.000938
2018-05-11,0.000614
2018-05-12,0.00030000000000000003
2018-05-13,-0.000236
2018-05-14,-0.00039
2018-05-15,0.00030000000000000003
2018-05-16,-0.000727
2018-05-17,0.00030000000000000003
2018-05-18,0.000564
2018-05-19,0.000213
2018-05-20,0.00030000000000000003
2018-05-21,0.000326
2018-05-22,0.001121
2018-05-23,0.001013
2018-05-24,-0.00038899999999999997
2018-05-25,-0.000766
2018-05-26,0.00030000000000000003
2018-05-27,-0.0006169999999999999
2018-05-28,-0.000493
2018-05-29,0.0007329999999999999
2018-05-30,0.000362
2018-05-31,0.00023100000000000003
2018-06-01,0.00030000000000000003
2018-06-02,0.00030000000000000003
2018-06-03,-0.000351
2018-06-04,-6.699999999999999e-05
2018-06-05,0.00030000000000000003
2018-06-06,0.000813
2018-06-07,0.000571
2018-06-08,0.00051
2018-06-09,0.0007669999999999999
2018-06-10,0.000993
2018-06-11,-0.003385
2018-06-12,-0.00126
2018-06-13,0.000181
2018-06-14,-0.001226
2018-06-15,-0.0018160000000000001
2018-06-16,-0.001951
2018-06-17,-0.002608
2018-06-18,-0.00023200000000000003
2018-06-19,-0.00017900000000000001
2018-06-20,-0.001434
2018-06-21,-0.001043
2018-06-22,-0.000123
2018-06-23,-0.005935
2018-06-24,-0.003359
2018-06-25,0.00022
2018-06-26,-0.00014500000000000006
2018-06-27,0.00030000000000000003
2018-06-28,0.000267
2018-06-29,-9.4e-05
2018-06-30,0.00030000000000000003
2018-07-01,0.00030000000000000003
2018-07-02,0.000317
2018-07-03,-6.7e-05
2018-07-04,0.000275
2018-07-05,0.00030000000000000003
2018-07-06,0.00030000000000000003
2018-07-07,0.00030000000000000003
2018-07-08,0.00030000000000000003
2018-07-09,0.00010800000000000001
2018-07-10,0.00030000000000000003
2018-07-11,0.00030000000000000003
2018-07-12,-0.00012400000000000003
2018-07-13,-0.000135
2018-07-14,6.000000000000002e-05
2018-07-15,-0.0009029999999999999
2018-07-16,-0.001086
2018-07-17,0.000176
2018-07-18,0.00042199999999999996
2018-07-19,0.00030000000000000003
2018-07-20,0.00030000000000000003
2018-07-21,0.00030000000000000003
2018-07-22,0.00030000000000000003
2018-07-23,0.00030000000000000003
2018-07-24,3.3000000000000016e-05
2018-07-25,0.000703
2018-07-26,0.0018889999999999998
2018-07-27,0.001858
2018-07-28,0.0018110000000000001
2018-07-29,0.002045
2018-07-30,0.00233
2018-07-31,0.0026500000000000004
2018-08-01,0.00030000000000000003
2018-08-02,0.00030000000000000003
2018-08-03,0.00030000000000000003
2018-08-04,0.00030000000000000003
2018-08-05,-0.000751
2018-08-06,-0.000452
2018-08-07,0.00030000000000000003
2018-08-08,-0.0014080000000000002
2018-08-09,-0.003101
2018-08-10,-0.001334
2018-08-11,-0.0017270000000000002
2018-08-12,0.000109
2018-08-13,-6.8e-05
2018-08-14,-0.002444
2018-08-15,-0.001392
2018-08-16,-0.001147
2018-08-17,-0.0010119999999999999
2018-08-18,-0.001441
2018-08-19,-0.002005
2018-08-20,-0.000388
2018-08-21,-0.0011220000000000002
2018-08-22,1.0000000000000108e-06
2018-08-23,-0.001105
2018-08-24,-0.00076
2018-08-25,-0.00041499999999999995
2018-08-26,0.00013000000000000002
2018-08-27,-0.00044300000000000003
2018-08-28,0.00030000000000000003
2018-08-29,0.00030000000000000003
2018-08-30,0.000316
2018-08-31,0.00030000000000000003
2018-09-01,0.000322
2018-09-02,0.000513
2018-09-03,0.00030000000000000003
2018-09-04,0.00030000000000000003
2018-09-05,0.00030000000000000003
2018-09-06,-0.000977
2018-09-07,-0.00115
2018-09-08,-0.000492
2018-09-09,-0.000879
2018-09-10,-0.001781
2018-09-11,-0.0006869999999999999
2018-09-12,-0.000267
2018-09-13,-0.000974
2018-09-14,-0.001686
2018-09-15,-0.0014629999999999999
2018-09-16,-0.0005920000000000001
2018-09-17,-0.00013900000000000002
2018-09-18,-0.00029099999999999997
2018-09-19,-4.7999999999999994e-05
2018-09-20,-0.000159
2018-09-21,-0.000822
2018-09-22,0.00022
2018-09-23,0.00030000000000000003
2018-09-24,0.000311
2018-09-25,0.00030000000000000003
2018-09-26,-4.6000000000000034e-05
2018-09-27,0.000119
2018-09-28,0.00030000000000000003
2018-09-29,0.00030000000000000003
2018-09-30,0.00035900000000000005
2018-10-01,0.000527
2018-10-02,0.00030000000000000003
2018-10-03,0.00030000000000000003
2018-10-04,0.0005020000000000001
2018-10-05,0.000633
2018-10-06,0.0007440000000000001
2018-10-07,0.00030000000000000003
2018-10-08,0.000513
2018-10-09,0.000677
2018-10-10,0.001029
2018-10-11,0.00030000000000000003
2018-10-12,0.00030000000000000003
2018-10-13,-0.0005409999999999999
2018-10-14,-0.000312
2018-10-15,-0.000294
2018-10-16,0.00017900000000000001
2018-10-17,0.000151
2018-10-18,0.00030000000000000003
2018-10-19,0.00030000000000000003
2018-10-20,0.00030000000000000003
2018-10-21,0.00030000000000000003
2018-10-22,0.00030000000000000003
2018-10-23,0.00030000000000000003
2018-10-24,0.00030000000000000003
2018-10-25,0.00030000000000000003
2018-10-26,0.00030000000000000003
2018-10-27,0.000388
2018-10-28,0.00030000000000000003
2018-10-29,0.000962
2018-10-30,0.0009190000000000001
2018-10-31,0.0006900000000000001
2018-11-01,0.00030000000000000003
2018-11-02,0.00030000000000000003
2018-11-03,0.00030000000000000003
2018-11-04,0.00030000000000000003
2018-11-05,0.000863
2018-11-06,0.001095
2018-11-07,0.00044199999999999996
2018-11-08,0.00182
2018-11-09,0.0017989999999999998
2018-11-10,0.0008370000000000001
2018-11-11,0.00030000000000000003
2018-11-12,0.00030000000000000003
2018-11-13,0.0018160000000000001
2018-11-14,0.0007980000000000001
2018-11-15,-0.0053159999999999995
2018-11-16,-0.00221
2018-11-17,-6.500000000000001e-05
2018-11-18,3.2000000000000005e-05
2018-11-19,-0.000169
2018-11-20,-0.00104
2018-11-21,-0.001953
2018-11-22,-0.001673
2018-11-23,-0.0016129999999999999
2018-11-24,0.000279
2018-11-25,-0.0038910000000000004
2018-11-26,-0.001571
2018-11-27,-0.004498
2018-11-28,-0.002707
2018-11-29,-0.004464
2018-11-30,-0.002653
2018-12-01,-0.0033190000000000003
2018-12-02,-0.000614
2018-12-03,-0.002438
2018-12-04,-0.0026260000000000003
2018-12-05,-0.0005380000000000001
2018-12-06,-0.001009
2018-12-07,-0.003116
2018-12-08,-0.003691
2018-12-09,-0.00040599999999999995
2018-12-10,-0.001163
2018-12-11,-4.9999999999999996e-05
2018-12-12,-0.0012219999999999998
2018-12-13,-8.800000000000001e-05
2018-12-14,-0.0016450000000000002
2018-12-15,-0.000709
2018-12-16,-0.00018199999999999998
2018-12-17,-0.000853
2018-12-18,-0.000743
2018-12-19,-0.0025570000000000002
2018-12-20,-0.0027209999999999995
2018-12-21,-0.0014979999999999998
2018-12-22,-0.00029299999999999997
2018-12-23,-0.000596
2018-12-24,-0.0004919999999999999
2018-12-25,-0.000658
2018-12-26,-0.00026199999999999997
2018-12-27,0.00030000000000000003
2018-12-28,-0.0017039999999999998
2018-12-29,-0.000253
2018-12-30,-0.001298
2018-12-31,0.00017
2019-01-01,0.00030000000000000003
2019-01-02,0.000144
2019-01-03,-0.000966
2019-01-04,2.3e-05
2019-01-05,-0.000276
2019-01-06,-0.000956
2019-01-07,0.00024400000000000002
2019-01-08,0.00011200000000000001
2019-01-09,-0.00035899999999999994
2019-01-10,-0.000403
2019-01-11,-0.003201
2019-01-12,-0.0024869999999999996
2019-01-13,-0.000876
2019-01-14,-5.199999999999999e-05
2019-01-15,-0.000407
2019-01-16,-0.000511
2019-01-17,-0.000333
2019-01-18,-0.0004870000000000001
2019-01-19,-0.00035200000000000005
2019-01-20,0.00030000000000000003
2019-01-21,-0.001827
2019-01-22,-0.000695
2019-01-23,-0.000659
2019-01-24,-0.0005899999999999999
2019-01-25,-0.000248
2019-01-26,-0.000748
2019-01-27,-0.000505
2019-01-28,2.9999999999999997e-05
2019-01-29,0.00030000000000000003
2019-01-30,6.400000000000001e-05
2019-01-31,-0.00036399999999999996
2019-02-01,0.00030000000000000003
2019-02-02,0.00030000000000000003
2019-02-03,-0.000272
2019-02-04,-2.299999999999999e-05
2019-02-05,-0.000239
2019-02-06,-0.000101
2019-02-07,0.000245
2019-02-08,0.000285
2019-02-09,0.00030000000000000003
2019-02-10,0.00030000000000000003
2019-02-11,0.00030000000000000003
2019-02-12,0.00030000000000000003
2019-02-13,0.00030000000000000003
2019-02-14,0.000317
2019-02-15,0.00030000000000000003
2019-02-16,0.00030000000000000003
2019-02-17,0.000291
2019-02-18,-0.0007580000000000001
2019-02-19,0.00030000000000000003
2019-02-20,0.00030000000000000003
2019-02-21,-1.299999999999999e-05
2019-02-22,0.000265
2019-02-23,0.000117
2019-02-24,0.00020800000000000001
2019-02-25,-0.0004069999999999999
2019-02-26,-0.000796
2019-02-27,-0.000318
2019-02-28,-0.0006230000000000001
2019-03-01,-0.000469
2019-03-02,-0.001003
2019-03-03,-0.000593
2019-03-04,3.9000000000000006e-05
2019-03-05,-3.299999999999999e-05
2019-03-06,0.00030000000000000003
2019-03-07,4.000000000000002e-06
2019-03-08,-0.00043400000000000003
2019-03-09,-0.001039
2019-03-10,-0.001186
2019-03-11,-0.00033199999999999994
2019-03-12,-0.000227
2019-03-13,-0.0011719999999999999
2019-03-14,-0.000494
2019-03-15,-0.0006670000000000001
2019-03-16,-0.0010149999999999998
2019-03-17,-7.900000000000001e-05
2019-03-18,-0.000297
2019-03-19,8e-05
2019-03-20,-0.000417
2019-03-21,-0.001866
2019-03-22,-0.001251
2019-03-23,-0.000594
2019-03-24,-0.000587
2019-03-25,-0.001054
2019-03-26,-0.001594
2019-03-27,-0.001166
2019-03-28,0.00022899999999999998
2019-03-29,-0.00047200000000000003
2019-03-30,-0.001033
2019-03-31,-0.0011300000000000001
2019-04-01,-0.001281
2019-04-02,-0.000979
2019-04-03,0.00031999999999999997
2019-04-04,0.00021500000000000002
2019-04-05,0.000531
2019-04-06,0.00030000000000000003
2019-04-07,0.00030000000000000003
2019-04-08,0.00030000000000000003
2019-04-09,6.400000000000001e-05
2019-04-10,0.00030000000000000003
2019-04-11,-6.3e-05
2019-04-12,0.00030000000000000003
2019-04-13,-0.00018099999999999998
2019-04-14,7.5e-05
2019-04-15,0.000273
2019-04-16,-0.00023100000000000003
2019-04-17,0.00030000000000000003
2019-04-18,0.00030000000000000003
2019-04-19,9.800000000000001e-05
2019-04-20,0.000133
2019-04-21,0.000124
2019-04-22,0.00024400000000000002
2019-04-23,-0.000583
2019-04-24,-0.001186
2019-04-25,-0.000679
2019-04-26,-0.0012879999999999999
2019-04-27,-0.001501
2019-04-28,-0.001718
2019-04-29,-0.001702
2019-04-30,-0.001614
2019-05-01,-0.0016840000000000002
2019-05-02,-0.001273
2019-05-03,-0.001506
2019-05-04,-0.00020800000000000001
2019-05-05,-0.001082
2019-05-06,-0.000829
2019-05-07,-0.000548
2019-05-08,-0.0017300000000000002
2019-05-09,-0.002258
2019-05-10,-0.0035830000000000002
2019-05-11,-0.001722
2019-05-12,0.00030000000000000003
2019-05-13,0.00030000000000000003
2019-05-14,0.00061
2019-05-15,0.0005470000000000001
2019-05-16,0.0009989999999999999
2019-05-17,0.00107
2019-05-18,-0.000158
2019-05-19,2.6000000000000036e-05
2019-05-20,0.000781
2019-05-21,0.0005790000000000001
2019-05-22,0.0008820000000000001
2019-05-23,0.00030000000000000003
2019-05-24,0.00035900000000000005
2019-05-25,0.0017879999999999999
2019-05-26,0.00151
2019-05-27,0.005322
2019-05-28,0.004235
2019-05-29,0.0027029999999999997
2019-05-30,0.0024660000000000003
2019-05-31,0.000539
2019-06-01,0.00035699999999999995
2019-06-02,0.001073
2019-06-03,0.000714
2019-06-04,0.000182
2019-06-05,0.000126
2019-06-06,-0.000278
2019-06-07,7.500000000000001e-05
2019-06-08,-0.000242
2019-06-09,2.2000000000000006e-05
2019-06-10,-0.001061
2019-06-11,0.00030000000000000003
2019-06-12,0.000201
2019-06-13,0.00030000000000000003
2019-06-14,0.00030000000000000003
2019-06-15,0.000195
2019-06-16,0.0030350000000000004
2019-06-17,0.001581
2019-06-18,0.0018349999999999998
2019-06-19,0.0019960000000000004
2019-06-20,0.0015539999999999998
2019-06-21,0.0013050000000000002
2019-06-22,0.004247
2019-06-23,0.007932999999999999
2019-06-24,0.003823
2019-06-25,0.002698
2019-06-26,0.0018190000000000003
2019-06-27,0.004889
2019-06-28,0.004568
2019-06-29,0.001036
2019-06-30,0.001835
2019-07-01,0.0016550000000000002
2019-07-02,0.0008359999999999999
2019-07-03,0.00046899999999999996
2019-07-04,0.00030000000000000003
2019-07-05,0.00018199999999999998
2019-07-06,0.00030000000000000003
2019-07-07,0.000466
2019-07-08,0.001356
2019-07-09,0.002303
2019-07-10,0.002869
2019-07-11,0.000688
2019-07-12,0.00030000000000000003
2019-07-13,0.00030000000000000003
2019-07-14,-6.599999999999999e-05
2019-07-15,-0.00032900000000000003
2019-07-16,-0.000119
2019-07-17,-0.000599
2019-07-18,-0.000156
2019-07-19,0.00030000000000000003
2019-07-20,0.00030000000000000003
2019-07-21,8.100000000000002e-05
2019-07-22,-1.6999999999999993e-05
2019-07-23,0.00030000000000000003
2019-07-24,-2.9e-05
2019-07-25,0.00010400000000000001
2019-07-26,0.00019
2019-07-27,0.00030000000000000003
2019-07-28,-0.0005679999999999999
2019-07-29,0.000281
2019-07-30,0.00030000000000000003
2019-07-31,0.00030000000000000003
2019-08-01,0.00030000000000000003
2019-08-02,0.00030000000000000003
2019-08-03,0.00030000000000000003
2019-08-04,0.00030000000000000003
2019-08-05,0.000783
2019-08-06,0.002698
2019-08-07,0.0017659999999999998
2019-08-08,0.002476
2019-08-09,0.002582
2019-08-10,0.001676
2019-08-11,0.00030000000000000003
2019-08-12,0.000322
2019-08-13,0.000674
2019-08-14,0.00043799999999999997
2019-08-15,0.00011500000000000002
2019-08-16,-0.000168
2019-08-17,0.00010200000000000001
2019-08-18,8.000000000000005e-06
2019-08-19,0.00030000000000000003
2019-08-20,0.00030000000000000003
2019-08-21,0.00030000000000000003
2019-08-22,-2.8000000000000017e-05
2019-08-23,0.00030000000000000003
2019-08-24,0.000298
2019-08-25,-0.00017999999999999998
2019-08-26,0.000357
2019-08-27,0.00043599999999999997
2019-08-28,0.00030000000000000003
2019-08-29,-0.00025299999999999997
2019-08-30,-0.0004689999999999999
2019-08-31,-0.00011399999999999999
2019-09-01,0.00030000000000000003
2019-09-02,0.00012900000000000002
2019-09-03,0.000694
2019-09-04,0.000542
2019-09-05,0.000406
2019-09-06,0.000729
2019-09-07,0.00034199999999999996
2019-09-08,0.000325
2019-09-09,0.000706
2019-09-10,0.00044
2019-09-11,0.00030000000000000003
2019-09-12,0.00037
2019-09-13,0.000417
2019-09-14,0.000615
2019-09-15,0.000501
2019-09-16,0.000737
2019-09-17,0.000551
2019-09-18,0.000589
2019-09-19,0.000353
2019-09-20,0.000688
2019-09-21,0.00030000000000000003
2019-09-22,0.00030000000000000003
2019-09-23,0.00030000000000000003
2019-09-24,0.00030000000000000003
2019-09-25,-0.0008859999999999999
2019-09-26,0.00030000000000000003
2019-09-27,0.00030000000000000003
2019-09-28,-0.00013099999999999999
2019-09-29,9.600000000000002e-05
2019-09-30,-0.000267
2019-10-01,-5.2000000000000004e-05
2019-10-02,-0.000413
2019-10-03,5.8e-05
2019-10-04,-0.00011599999999999999
2019-10-05,-0.000189
2019-10-06,0.000218
2019-10-07,0.00025100000000000003
2019-10-08,0.000258
2019-10-09,0.00030000000000000003
2019-10-10,0.00030000000000000003
2019-10-11,0.00030000000000000003
2019-10-12,0.000286
2019-10-13,0.000292
2019-10-14,0.000299
2019-10-15,0.00030000000000000003
2019-10-16,0.00030000000000000003
2019-10-17,0.00030000000000000003
2019-10-18,-9.8e-05
2019-10-19,0.000283
2019-10-20,0.000167
2019-10-21,0.00030000000000000003
2019-10-22,0.00030000000000000003
2019-10-23,9.900000000000001e-05
2019-10-24,-0.0012069999999999997
2019-10-25,-0.00031999999999999997
2019-10-26,0.0005089999999999999
2019-10-27,0.00030000000000000003
2019-10-28,0.0005530000000000001
2019-10-29,0.0008749999999999999
2019-10-30,0.00030000000000000003
2019-10-31,0.00030000000000000003
2019-11-01,0.00030000000000000003
2019-11-02,0.00030000000000000003
2019-11-03,0.00030000000000000003
2019-11-04,0.000393
2019-11-05,0.0006969999999999999
2019-11-06,0.0006720000000000001
2019-11-07,0.000542
2019-11-08,0.000469
2019-11-09,0.00030000000000000003
2019-11-10,0.00030000000000000003
2019-11-11,0.00030000000000000003
2019-11-12,0.00030000000000000003
2019-11-13,0.000312
2019-11-14,0.00030000000000000003
2019-11-15,0.00030000000000000003
2019-11-16,0.00030000000000000003
2019-11-17,0.00030000000000000003
2019-11-18,0.000396
2019-11-19,0.00030000000000000003
2019-11-20,0.00030000000000000003
2019-11-21,0.00030000000000000003
2019-11-22,0.000171
2019-11-23,-0.000617
2019-11-24,-6.599999999999999e-05
2019-11-25,-6.7e-05
2019-11-26,-0.000294
2019-11-27,-0.000109
2019-11-28,0.000132
2019-11-29,-0.000252
2019-11-30,5.6000000000000006e-05
2019-12-01,-4.1e-05
2019-12-02,0.000254
2019-12-03,0.000142
2019-12-04,-3.000000000000001e-05
2019-12-05,-0.000463
2019-12-06,0.000258
2019-12-07,0.000295
2019-12-08,0.000184
2019-12-09,0.000297
2019-12-10,0.00030000000000000003
2019-12-11,0.00019300000000000003
2019-12-12,5.3e-05
2019-12-13,0.000293
2019-12-14,-0.00010300000000000001
2019-12-15,-0.00026599999999999996
2019-12-16,0.00029
2019-12-17,2.9000000000000004e-05
2019-12-18,-0.000477
2019-12-19,-0.00019400000000000003
2019-12-20,4.0999999999999994e-05
2019-12-21,-1.3000000000000001e-05
2019-12-22,0.000295
2019-12-23,0.00030000000000000003
2019-12-24,0.00030000000000000003
2019-12-25,0.00030000000000000003
2019-12-26,0.00030000000000000003
2019-12-27,0.00030000000000000003
2019-12-28,0.00030000000000000003
2019-12-29,0.00030000000000000003
2019-12-30,0.00030000000000000003
2019-12-31,0.00030000000000000003
2020-01-01,0.00030000000000000003
2020-01-02,0.00030000000000000003
2020-01-03,0.0001
2020-01-04,0.00030000000000000003
2020-01-05,0.00030000000000000003
2020-01-06,0.00030000000000000003
2020-01-07,0.00030000000000000003
2020-01-08,0.00030000000000000003
2020-01-09,0.00030000000000000003
2020-01-10,0.00030000000000000003
2020-01-11,0.00030000000000000003
2020-01-12,0.00030000000000000003
2020-01-13,0.00030000000000000003
2020-01-14,0.00048300000000000003
2020-01-15,0.000768
2020-01-16,0.000522
2020-01-17,0.001029
2020-01-18,0.000519
2020-01-19,0.000395
2020-01-20,0.00030000000000000003
2020-01-21,0.000415
2020-01-22,0.000522
2020-01-23,0.00030000000000000003
2020-01-24,0.000541
2020-01-25,0.00030000000000000003
2020-01-26,0.00030000000000000003
2020-01-27,0.00030000000000000003
2020-01-28,0.001134
2020-01-29,0.001511
2020-01-30,0.001486
2020-01-31,0.001055
2020-02-01,0.00048300000000000003
2020-02-02,0.000564
2020-02-03,0.000755
2020-02-04,0.000312
2020-02-05,0.0006929999999999999
2020-02-06,0.002443
2020-02-07,0.001548
2020-02-08,0.0008240000000000001
2020-02-09,0.001367
2020-02-10,0.001898
2020-02-11,0.001047
2020-02-12,0.002271
2020-02-13,0.001859
2020-02-14,0.001631
2020-02-15,0.000612
2020-02-16,0.00030000000000000003
2020-02-17,0.001125
2020-02-18,0.000612
2020-02-19,0.0013799999999999997
2020-02-20,0.000426
2020-02-21,0.00030000000000000003
2020-02-22,0.00030000000000000003
2020-02-23,0.00030000000000000003
2020-02-24,0.00030000000000000003
2020-02-25,0.000371
2020-02-26,0.00151
2020-02-27,0.00031999999999999997
2020-02-28,0.00030000000000000003
2020-02-29,0.000438
2020-03-01,0.00030000000000000003
2020-03-02,0.0006090000000000001
2020-03-03,0.00030000000000000003
2020-03-04,0.00030000000000000003
2020-03-05,0.00030000000000000003
2020-03-06,0.00030000000000000003
2020-03-07,0.00030000000000000003
2020-03-08,0.00030000000000000003
2020-03-09,0.00030000000000000003
2020-03-10,0.000156
2020-03-11,0.000253
2020-03-12,-0.001491
2020-03-13,-0.01125
2020-03-14,-0.01125
2020-03-15,-0.0038380000000000003
2020-03-16,-0.0029519999999999998
2020-03-17,-0.004439
2020-03-18,-0.0021910000000000002
2020-03-19,-0.001181
2020-03-20,-0.001308
2020-03-21,-0.000606
2020-03-22,-0.0011749999999999998
2020-03-23,-0.0016279999999999999
2020-03-24,-0.000108
2020-03-25,-0.0008419999999999999
2020-03-26,-0.0005430000000000001
2020-03-27,-0.0009010000000000001
2020-03-28,-0.0014629999999999999
2020-03-29,-0.000784
2020-03-30,-0.0012690000000000002
2020-03-31,-7e-05
2020-04-01,-0.0012040000000000002
2020-04-02,-0.00033200000000000005
2020-04-03,-0.000496
2020-04-04,-0.001002
2020-04-05,4.9e-05
2020-04-06,0.000207
2020-04-07,0.000142
2020-04-08,-1.4000000000000001e-05
2020-04-09,-0.000398
2020-04-10,-0.001163
2020-04-11,-0.0010689999999999999
2020-04-12,-0.000662
2020-04-13,-0.00166
2020-04-14,-0.00045599999999999997
2020-04-15,-0.000707
2020-04-16,-0.0008189999999999998
2020-04-17,0.000283
2020-04-18,-0.00011
2020-04-19,-5.4e-05
2020-04-20,0.00017
2020-04-21,-0.001451
2020-04-22,-0.0005369999999999999
2020-04-23,8.400000000000001e-05
2020-04-24,0.00030000000000000003
2020-04-25,0.000271
2020-04-26,-0.00019900000000000004
2020-04-27,-0.00011599999999999999
2020-04-28,3.500000000000001e-05
2020-04-29,-0.000112
2020-04-30,0.00030000000000000003
2020-05-01,0.00030000000000000003
2020-05-02,0.00030000000000000003
2020-05-03,0.00030000000000000003
2020-05-04,-3.7e-05
2020-05-05,0.00030000000000000003
2020-05-06,0.000239
2020-05-07,0.00030000000000000003
2020-05-08,0.00030000000000000003
2020-05-09,0.00030000000000000003
2020-05-10,-0.000683
2020-05-11,0.000274
2020-05-12,-0.00044600000000000005
2020-05-13,0.000132
2020-05-14,0.000285
2020-05-15,0.00030000000000000003
2020-05-16,0.00030000000000000003
2020-05-17,0.00030000000000000003
2020-05-18,0.000505
2020-05-19,0.00030000000000000003
2020-05-20,0.00030000000000000003
2020-05-21,0.00022600000000000002
2020-05-22,0.00023300000000000003
2020-05-23,-4.500000000000001e-05
2020-05-24,0.000216
2020-05-25,-0.000339
2020-05-26,0.00012
2020-05-27,3.9e-05
2020-05-28,0.00030000000000000003
2020-05-29,0.00030000000000000003
2020-05-30,0.00030000000000000003
2020-05-31,0.00030000000000000003
2020-06-01,0.00030000000000000003
2020-06-02,0.002612
2020-06-03,0.00030000000000000003
2020-06-04,0.00030000000000000003
2020-06-05,0.00030000000000000003
2020-06-06,0.00030000000000000003
2020-06-07,0.00030000000000000003
2020-06-08,2.0000000000000215e-06
2020-06-09,0.00030000000000000003
2020-06-10,0.00030000000000000003
2020-06-11,0.00030000000000000003
2020-06-12,-0.000127
2020-06-13,0.00030000000000000003
2020-06-14,9.6e-05
2020-06-15,0.000174
2020-06-16,0.000265
2020-06-17,0.000298
2020-06-18,0.00030000000000000003
2020-06-19,0.00030000000000000003
2020-06-20,0.00030000000000000003
2020-06-21,0.00030000000000000003
2020-06-22,0.00030000000000000003
2020-06-23,0.00037
2020-06-24,0.00030000000000000003
2020-06-25,0.000277
2020-06-26,0.00030000000000000003
2020-06-27,0.00030000000000000003
2020-06-28,1.0000000000000013e-05
2020-06-29,0.000297
2020-06-30,0.00030000000000000003
2020-07-01,9.5e-05
2020-07-02,0.00030000000000000003
2020-07-03,8.9e-05
2020-07-04,0.000137
2020-07-05,0.000124
2020-07-06,0.00025
2020-07-07,0.00030000000000000003
2020-07-08,0.00030000000000000003
2020-07-09,0.00030000000000000003
2020-07-10,0.00030000000000000003
2020-07-11,0.00030000000000000003
2020-07-12,0.00030000000000000003
2020-07-13,0.00030000000000000003
2020-07-14,0.00030000000000000003
2020-07-15,0.00030000000000000003
2020-07-16,0.00030000000000000003
2020-07-17,0.00030000000000000003
2020-07-18,0.000221
2020-07-19,0.00030000000000000003
2020-07-20,0.00030000000000000003
2020-07-21,0.0001
